{"sigsig_eff": [0.7, 0.8, 0.9], "ss_bb_length": [5.5227786732061475, 6.5975015180192145, 8.209493010522976], "ss_sb_length": [5.5227786732061475, 6.5975015180192145, 8.209493010522976]}