{"sigsig_eff": [0.7, 0.8, 0.9], "ss_bb_length": [0.6096602959591024, 0.813216735483131, 1.1260605340218177], "ss_sb_length": [0.6096602959591024, 0.813216735483131, 1.1260605340218177]}