{"sigsig_eff": [0.6, 0.7, 0.8, 0.9], "length": [2.0888793073252288, 2.4446034237416825, 2.9117521485287057, 3.584827282032137]}