{"sigsig_eff": [0.7, 0.8, 0.9], "ss_bb_length": [6.181971832310069, 6.960736386068959, 8.218059629056825], "ss_sb_length": [6.181971832310069, 6.960736386068959, 8.218059629056825]}