{"sigsig_eff": [0.7, 0.8, 0.9], "ss_bb_length": [0.6106783518836423, 0.7655454213691826, 1.0322259454704152], "ss_sb_length": [0.6106783518836423, 0.7655454213691826, 1.0322259454704152]}