{"sigsig_eff": [0.7, 0.8, 0.9], "ss_bb_length": [16.75560780864771, 18.930667970593618, 22.455937588631514], "ss_sb_length": [16.75560780864771, 18.930667970593618, 22.455937588631514]}