{"sigsig_eff": [0.7, 0.8, 0.9], "ss_bb_length": [4.188369831340793, 5.004994629701116, 6.552890499323439], "ss_sb_length": [4.188369831340793, 5.004994629701116, 6.552890499323439]}