{"sigsig_eff": [0.7, 0.8, 0.9], "ss_bb_length": [9.659076382879448, 11.491033313812409, 14.48042325931965], "ss_sb_length": [9.659076382879448, 11.491033313812409, 14.48042325931965]}