{"sigsig_eff": [0.7, 0.8, 0.9], "ss_bb_length": [0.6384426670045258, 0.8156480761243117, 1.1117998353661562], "ss_sb_length": [0.6384426670045258, 0.8156480761243117, 1.1117998353661562]}