{"sigsig_eff": [0.6, 0.7, 0.8, 0.9], "length": [1.242394199422506, 1.4436710426767831, 1.7386382920037136, 2.3525140650858702]}