{"sigsig_eff": [0.6, 0.7, 0.8, 0.9], "length": [0.616972934760355, 0.7853521794987159, 1.0241309059156833, 1.3814169672695016]}