{"sigsig_eff": [0.6, 0.7, 0.8, 0.9], "length": [1.2411088613913819, 1.4423937038161228, 1.737174794206993, 2.3523618377546995]}