{"sigsig_eff": [0.7, 0.8, 0.9], "ss_bb_length": [7.398256254877538, 8.537202682887369, 10.330416506354254], "ss_sb_length": [7.398256254877538, 8.537202682887369, 10.330416506354254]}