{"sigsig_eff": [0.7, 0.8, 0.9], "ss_bb_length": [0.6078782926167321, 0.8266413029548971, 1.220995120253633], "ss_sb_length": [0.6078782926167321, 0.8266413029548971, 1.220995120253633]}