{"sigsig_eff": [0.6, 0.7, 0.8, 0.9], "length": [2.419785687174226, 2.7352606046962933, 3.13041733810644, 3.72940814115384]}